"族群","股票代號","股票名稱"
"大盤ETF","0050","元大台灣50"
"公用事業","2616","山隆"
"公用事業","6505","台塑化"
"公用事業","8908","欣雄"
"公用事業","8917","欣泰"
"公用事業","8926","台汽電"
"公用事業","8927","北基"
"公用事業","8931","大汽電"
"公用事業","9908","大台北"
"公用事業","9918","欣天然"
"公用事業","9926","新海"
"公用事業","9931","欣高"
"公用事業","9937","全國"
"化學工業","1708","東鹼"
"化學工業","1709","和益"
"化學工業","1710","東聯"
"化學工業","1711","永光"
"化學工業","1712","興農"
"化學工業","1713","國化"
"化學工業","1714","和桐"
"化學工業","1717","長興"
"化學工業","1718","中纖"
"化學工業","1721","三晃"
"化學工業","1722","台肥"
"化學工業","1723","中碳"
"化學工業","1725","元禎"
"化學工業","1726","永記"
"化學工業","1727","中華化"
"化學工業","1730","花仙子"
"化學工業","1732","毛寶"
"化學工業","1735","日勝化"
"化學工業","1742","台蠟"
"化學工業","1773","勝一"
"化學工業","1776","展宇"
"化學工業","3430","奇鈦科"
"化學工業","4706","大恭"
"化學工業","4707","磐亞"
"化學工業","4711","永純"
"化學工業","4714","永捷"
"化學工業","4716","大立"
"化學工業","4720","德淵"
"化學工業","4721","美琪瑪"
"化學工業","4722","國精化"
"化學工業","4739","康普"
"化學工業","4741","泓瀚"
"化學工業","4754","國碳科"
"化學工業","4755","三福化"
"化學工業","4763","材料*-KY"
"化學工業","4764","雙鍵"
"化學工業","4766","南寶"
"化學工業","4767","誠泰科技"
"化學工業","4768","晶呈科技"
"化學工業","4770","上品"
"化學工業","4772","台特化"
"化學工業","6509","聚和"
"手機供應鏈","3008","大立光"
"文化創意業","2926","誠品生活"
"文化創意業","3064","泰偉"
"文化創意業","3083","網龍"
"文化創意業","3086","華義*"
"文化創意業","3293","鈊象"
"文化創意業","3546","宇峻"
"文化創意業","3629","地心引力"
"文化創意業","4806","桂田文創"
"文化創意業","4946","辣椒"
"文化創意業","5263","智崴"
"文化創意業","5478","智冠"
"文化創意業","6101","寬魚國際"
"文化創意業","6111","光聚晶電"
"文化創意業","6144","得利影"
"文化創意業","6169","昱泉"
"文化創意業","6180","橘子"
"文化創意業","6294","智基"
"文化創意業","6482","弘煜科"
"文化創意業","6542","隆中"
"文化創意業","6596","寬宏藝術"
"文化創意業","6856","鑫傳"
"文化創意業","7584","樂意"
"文化創意業","8446","華研"
"文化創意業","8450","霹靂"
"文化創意業","8923","時報"
"文化創意業","9949","琉園"
"水泥工業","1101","台泥"
"水泥工業","1102","亞泥"
"水泥工業","1103","嘉泥"
"水泥工業","1104","環泥"
"水泥工業","1108","幸福"
"水泥工業","1109","信大"
"水泥工業","1110","東泥"
"功率半導體","2441","超豐"
"功率半導體","2481","強茂"
"功率半導體","3675","德微"
"功率半導體","5425","台半"
"功率半導體","6435","大中"
"功率半導體","8255","朋程"
"功率半導體","8261","富鼎"
"半導體","1595","川寶"
"半導體","2302","麗正"
"半導體","2303","聯電"
"半導體","2329","華泰"
"半導體","2330","台積電"
"半導體","2337","旺宏"
"半導體","2338","光罩"
"半導體","2340","台亞"
"半導體","2342","茂矽"
"半導體","2344","華邦電"
"半導體","2351","順德"
"半導體","2363","矽統"
"半導體","2369","菱生"
"半導體","2379","瑞昱"
"半導體","2388","威盛"
"半導體","2401","凌陽"
"半導體","2408","南亞科"
"半導體","2434","統懋"
"半導體","2436","偉詮電"
"半導體","2441","超豐"
"半導體","2449","京元電子"
"半導體","2451","創見"
"半導體","2454","聯發科"
"半導體","2458","義隆"
"半導體","2481","強茂"
"半導體","3006","晶豪科"
"半導體","3014","聯陽"
"半導體","3016","嘉晶"
"半導體","3034","聯詠"
"半導體","3035","智原"
"半導體","3041","揚智"
"半導體","3094","聯傑"
"半導體","3105","穩懋"
"半導體","3122","笙泉"
"半導體","3131","弘塑"
"半導體","3135","凌航"
"半導體","3141","晶宏"
"半導體","3150","鈺寶-創"
"半導體","3169","亞信"
"半導體","3178","公準"
"半導體","3189","景碩"
"半導體","3227","原相"
"半導體","3228","金麗科"
"半導體","3257","虹冠電"
"半導體","3259","鑫創"
"半導體","3260","威剛"
"半導體","3264","欣銓"
"半導體","3265","台星科"
"半導體","3268","海德威"
"半導體","3317","尼克森"
"半導體","3372","典範"
"半導體","3374","精材"
"半導體","3413","京鼎"
"半導體","3438","類比科"
"半導體","3443","創意"
"半導體","3450","聯鈞"
"半導體","3467","台灣精材"
"半導體","3527","聚積"
"半導體","3529","力旺"
"半導體","3530","晶相光"
"半導體","3532","台勝科"
"半導體","3545","敦泰"
"半導體","3555","博士旺"
"半導體","3556","禾瑞亞"
"半導體","3567","逸昌"
"半導體","3581","博磊"
"半導體","3583","辛耘"
"半導體","3588","通嘉"
"半導體","3592","瑞鼎"
"半導體","3661","世芯-KY"
"半導體","3675","德微"
"半導體","3680","家登"
"半導體","3686","達能"
"半導體","3707","漢磊"
"半導體","3711","日月光投控"
"半導體","4749","新應材"
"半導體","4919","新唐"
"半導體","4923","力士"
"半導體","4951","精拓科"
"半導體","4952","凌通"
"半導體","4961","天鈺"
"半導體","4966","譜瑞-KY"
"半導體","4967","十銓"
"半導體","4968","立積"
"半導體","4971","IET-KY"
"半導體","4973","廣穎電通"
"半導體","4991","環宇-KY"
"半導體","5222","全訊"
"半導體","5236","凌陽創新"
"半導體","5269","祥碩"
"半導體","5272","笙科"
"半導體","5274","信驊"
"半導體","5285","界霖"
"半導體","5299","杰力"
"半導體","5302","太欣"
"半導體","5344","立衛"
"半導體","5347","世界"
"半導體","5351","鈺創"
"半導體","5425","台半"
"半導體","5443","均豪"
"半導體","5468","凱鈺"
"半導體","5471","松翰"
"半導體","5483","中美晶"
"半導體","5487","通泰"
"半導體","6103","合邦"
"半導體","6104","創惟"
"半導體","6129","普誠"
"半導體","6138","茂達"
"半導體","6147","頎邦"
"半導體","6182","合晶"
"半導體","6187","萬潤"
"半導體","6202","盛群"
"半導體","6208","日揚"
"半導體","6223","旺矽"
"半導體","6229","研通"
"半導體","6233","旺玖"
"半導體","6237","驊訊"
"半導體","6239","力成"
"半導體","6243","迅杰"
"半導體","6257","矽格"
"半導體","6261","久元"
"半導體","6271","同欣電"
"半導體","6291","沛亨"
"半導體","6411","晶焱"
"半導體","6415","矽力*-KY"
"半導體","6423","億而得"
"半導體","6435","大中"
"半導體","6451","訊芯-KY"
"半導體","6462","神盾"
"半導體","6485","點序"
"半導體","6488","環球晶"
"半導體","6494","九齊"
"半導體","6510","精測"
"半導體","6515","穎崴"
"半導體","6525","捷敏-KY"
"半導體","6526","達發"
"半導體","6531","愛普*"
"半導體","6532","瑞耘"
"半導體","6533","晶心科"
"半導體","6548","長科*"
"半導體","6552","易華電"
"半導體","6568","宏觀"
"半導體","6573","虹揚-KY"
"半導體","6640","均華"
"半導體","6643","M31"
"半導體","6651","全宇昕"
"半導體","6679","鈺太"
"半導體","6683","雍智科技"
"半導體","6684","安格"
"半導體","6693","廣閎科"
"半導體","6695","芯鼎"
"半導體","6708","天擎"
"半導體","6716","應廣"
"半導體","6719","力智"
"半導體","6720","久昌"
"半導體","6732","昇佳電子"
"半導體","6756","威鋒電子"
"半導體","6770","力積電"
"半導體","6788","華景電"
"半導體","6789","采鈺"
"半導體","6799","來頡"
"半導體","6823","濾能"
"半導體","6829","千附精密"
"半導體","6854","錼創科技-KY創"
"半導體","6895","宏碩系統"
"半導體","6907","雅特力-KY"
"半導體","6909","創控"
"半導體","6921","嘉雨思-創"
"半導體","6937","天虹"
"半導體","6953","家碩"
"半導體","6962","奕力-KY"
"半導體","6996","力領科技"
"半導體","7556","意德士科技"
"半導體","7704","明遠精密"
"半導體","7712","博盛半導體"
"半導體","7730","暉盛-創"
"半導體","7734","印能科技"
"半導體","7749","意騰-KY"
"半導體","7751","竑騰"
"半導體","7768","頌勝科技"
"半導體","7769","鴻勁"
"半導體","7770","君曜"
"半導體","7772","耀穎"
"半導體","7810","捷創科技"
"半導體","7822","倍利科"
"半導體","7828","創新服務"
"半導體","8016","矽創"
"半導體","8024","佑華"
"半導體","8028","昇陽半導體"
"半導體","8040","九暘"
"半導體","8054","安國"
"半導體","8081","致新"
"半導體","8086","宏捷科"
"半導體","8088","品安"
"半導體","8091","翔名"
"半導體","8102","傑霖科技"
"半導體","8110","華東"
"半導體","8131","福懋科"
"半導體","8150","南茂"
"半導體","8162","微矽電子-創"
"半導體","8227","巨有科技"
"半導體","8261","富鼎"
"半導體","8271","宇瞻"
"半導體","8277","商丞"
"半導體","8299","群聯"
"半導體","8383","千附"
"半導體材料／耗材","1560","中砂"
"半導體材料／耗材","6488","環球晶"
"半導體材料／耗材","6538","倉和"
"半導體材料／耗材","8028","昇陽半導體"
"半導體設備","2467","志聖"
"半導體設備","3131","弘塑"
"半導體設備","3583","辛耘"
"半導體設備","5443","均豪"
"半導體設備","6187","萬潤"
"半導體設備","6640","均華"
"生技醫療","1565","精華"
"生技醫療","1707","葡萄王"
"生技醫療","1720","生達"
"生技醫療","1731","美吾華"
"生技醫療","1733","五鼎"
"生技醫療","1734","杏輝"
"生技醫療","1752","南光"
"生技醫療","1760","寶齡富錦"
"生技醫療","1762","中化生"
"生技醫療","1777","生泰"
"生技醫療","1781","合世"
"生技醫療","1783","和康生"
"生技醫療","1784","訊聯"
"生技醫療","1786","科妍"
"生技醫療","1788","杏昌"
"生技醫療","1789","神隆"
"生技醫療","1795","美時"
"生技醫療","1799","易威"
"生技醫療","1813","寶利徠"
"生技醫療","3118","進階"
"生技醫療","3164","景岳"
"生技醫療","3176","基亞"
"生技醫療","3205","佰研"
"生技醫療","3218","大學光"
"生技醫療","3705","永信"
"生技醫療","3716","中化控股"
"生技醫療","4102","永日"
"生技醫療","4104","佳醫"
"生技醫療","4105","東洋"
"生技醫療","4106","雃博"
"生技醫療","4107","邦特"
"生技醫療","4108","懷特"
"生技醫療","4109","加捷生醫"
"生技醫療","4111","濟生"
"生技醫療","4114","健喬"
"生技醫療","4116","明基醫"
"生技醫療","4119","旭富"
"生技醫療","4120","友華"
"生技醫療","4121","優盛"
"生技醫療","4123","晟德"
"生技醫療","4126","太醫"
"生技醫療","4127","天良"
"生技醫療","4128","中天"
"生技醫療","4129","聯合"
"生技醫療","4131","浩泰"
"生技醫療","4133","亞諾法"
"生技醫療","4137","麗豐-KY"
"生技醫療","4138","曜亞"
"生技醫療","4139","馬光-KY"
"生技醫療","4142","國光生"
"生技醫療","4147","中裕"
"生技醫療","4148","全宇生技-KY"
"生技醫療","4153","鈺緯"
"生技醫療","4155","訊映"
"生技醫療","4157","太景*-KY"
"生技醫療","4160","訊聯基因"
"生技醫療","4161","聿新科"
"生技醫療","4162","智擎"
"生技醫療","4163","鐿鈦"
"生技醫療","4164","承業醫"
"生技醫療","4166","友霖"
"生技醫療","4167","松瑞藥"
"生技醫療","4168","醣聯"
"生技醫療","4169","泰宗"
"生技醫療","4173","久裕"
"生技醫療","4174","浩鼎"
"生技醫療","4175","杏一"
"生技醫療","4178","永笙-KY"
"生技醫療","4183","福永生技"
"生技醫療","4188","安克"
"生技醫療","4190","佐登-KY"
"生技醫療","4192","杏國"
"生技醫療","4195","基米-創"
"生技醫療","4198","欣大健康"
"生技醫療","4726","永昕"
"生技醫療","4728","雙美"
"生技醫療","4735","豪展"
"生技醫療","4736","泰博"
"生技醫療","4737","華廣"
"生技醫療","4743","合一"
"生技醫療","4744","皇將"
"生技醫療","4745","合富-KY"
"生技醫療","4746","台耀"
"生技醫療","4747","強生製藥"
"生技醫療","4771","望隼"
"生技醫療","4905","台聯電"
"生技醫療","4911","德英"
"生技醫療","5312","寶島科"
"生技醫療","6130","上亞科技"
"生技醫療","6242","立康"
"生技醫療","6431","光麗-KY"
"生技醫療","6446","藥華藥"
"生技醫療","6461","益得"
"生技醫療","6469","大樹"
"生技醫療","6472","保瑞"
"生技醫療","6491","晶碩"
"生技醫療","6492","生華科"
"生技醫療","6496","科懋"
"生技醫療","6499","益安"
"生技醫療","6523","達爾膚"
"生技醫療","6527","明達醫"
"生技醫療","6534","正瀚-創"
"生技醫療","6535","順藥"
"生技醫療","6541","泰福-KY"
"生技醫療","6547","高端疫苗"
"生技醫療","6550","北極星藥業-KY"
"生技醫療","6569","醫揚"
"生技醫療","6574","霈方"
"生技醫療","6576","逸達"
"生技醫療","6589","台康生技"
"生技醫療","6598","ABC-KY"
"生技醫療","6612","奈米醫材"
"生技醫療","6615","慧智"
"生技醫療","6617","共信-KY"
"生技醫療","6620","漢達"
"生技醫療","6637","醫影"
"生技醫療","6645","金萬林-創"
"生技醫療","6649","台生材"
"生技醫療","6657","華安"
"生技醫療","6661","威健生技"
"生技醫療","6662","樂斯科"
"生技醫療","6666","羅麗芬-KY"
"生技醫療","6703","軒郁"
"生技醫療","6712","長聖"
"生技醫療","6730","常廣"
"生技醫療","6733","博晟生醫"
"生技醫療","6762","達亞"
"生技醫療","6767","台微醫"
"生技醫療","6782","視陽"
"生技醫療","6785","昱展新藥"
"生技醫療","6794","向榮生技"
"生技醫療","6796","晉弘"
"生技醫療","6838","台新藥"
"生技醫療","6841","長佳智能"
"生技醫療","6844","諾貝兒"
"生技醫療","6861","睿生光電"
"生技醫療","6872","浩宇生醫"
"生技醫療","6875","國邑*"
"生技醫療","6885","全福生技"
"生技醫療","6918","愛派司"
"生技醫療","6919","康霈*"
"生技醫療","6929","佑全"
"生技醫療","6931","青松健康"
"生技醫療","6934","心誠鎂"
"生技醫療","6936","永鴻生技"
"生技醫療","6945","圓祥生技"
"生技醫療","6949","沛爾生醫-創"
"生技醫療","6955","邦睿生技-創"
"生技醫療","6986","和迅"
"生技醫療","7713","威力德生醫"
"生技醫療","7799","禾榮科"
"生技醫療","7803","雲象科技-創"
"生技醫療","7814","海昌生技"
"生技醫療","7827","漢康-KY創"
"生技醫療","8279","生展"
"生技醫療","8403","盛弘"
"生技醫療","8409","商之器"
"生技醫療","8432","東生華"
"生技醫療","8436","大江"
"先進封裝","2330","台積電"
"先進封裝","2449","京元電子"
"先進封裝","3711","日月光投控"
"光通訊／CPO","3163","波若威"
"光通訊／CPO","3363","上詮"
"光通訊／CPO","3450","聯鈞"
"光通訊／CPO","4979","華星光"
"光通訊／CPO","6442","光聖"
"光電","2323","中環"
"光電","2349","錸德"
"光電","2374","佳能"
"光電","2393","億光"
"光電","2406","國碩"
"光電","2409","友達"
"光電","2426","鼎元"
"光電","2429","銘旺科"
"光電","2438","翔耀"
"光電","2466","冠西電"
"光電","2486","一詮"
"光電","2489","瑞軒"
"光電","2491","吉祥全"
"光電","3008","大立光"
"光電","3019","亞光"
"光電","3024","憶聲"
"光電","3031","佰鴻"
"光電","3038","全台"
"光電","3049","精金"
"光電","3050","鈺德"
"光電","3051","力特"
"光電","3059","華晶科"
"光電","3066","李洲"
"光電","3128","昇銳"
"光電","3149","正達"
"光電","3168","眾福科"
"光電","3230","錦明"
"光電","3297","杭特"
"光電","3339","泰谷"
"光電","3356","奇偶"
"光電","3362","先進光"
"光電","3406","玉晶光"
"光電","3434","哲固"
"光電","3437","榮創"
"光電","3441","聯一光電"
"光電","3455","由田"
"光電","3481","群創"
"光電","3490","單井"
"光電","3504","揚明光"
"光電","3516","亞帝歐"
"光電","3523","迎輝"
"光電","3531","先益"
"光電","3535","晶彩科"
"光電","3543","州巧"
"光電","3563","牧德"
"光電","3576","聯合再生"
"光電","3591","艾笛森"
"光電","3615","安可"
"光電","3622","洋華"
"光電","3623","富晶通"
"光電","3630","新鉅科"
"光電","3666","光耀"
"光電","3673","TPK-KY"
"光電","3691","碩禾"
"光電","3714","富采"
"光電","4729","熒茂"
"光電","4933","友輝"
"光電","4934","太極"
"光電","4935","茂林-KY"
"光電","4942","嘉彰"
"光電","4949","有成精密"
"光電","4956","光鋐"
"光電","4960","誠美材"
"光電","4972","湯石照明"
"光電","4976","佳凌"
"光電","4995","晶達"
"光電","5220","萬達光電"
"光電","5230","雷笛克光學"
"光電","5234","達興材料"
"光電","5243","乙盛-KY"
"光電","5244","弘凱"
"光電","5245","智晶"
"光電","5251","天鉞電"
"光電","5315","光聯"
"光電","5371","中光電"
"光電","5392","能率"
"光電","5484","慧友"
"光電","6116","彩晶"
"光電","6120","達運"
"光電","6164","華興"
"光電","6167","久正"
"光電","6168","宏齊"
"光電","6176","瑞儀"
"光電","6209","今國光"
"光電","6222","立軒"
"光電","6225","天瀚"
"光電","6226","光鼎"
"光電","6234","高僑"
"光電","6244","茂迪"
"光電","6246","臺龍"
"光電","6278","台表科"
"光電","6405","悅城"
"光電","6419","京晨科"
"光電","6443","元晶"
"光電","6456","GIS-KY"
"光電","6477","安集"
"光電","6498","久禾光"
"光電","6517","保勝光學"
"光電","6556","勝品"
"光電","6560","欣普羅"
"光電","6668","中揚光"
"光電","6706","惠特"
"光電","6742","澤米"
"光電","6859","伯特光"
"光電","6899","創為精密"
"光電","6916","華凌"
"光電","7402","邑錡"
"光電","7753","星亞"
"光電","8049","晶采"
"光電","8064","東捷"
"光電","8069","元太"
"光電","8104","錸寶"
"光電","8105","凌巨"
"光電","8111","立碁"
"光電","8215","明基材"
"光電","8240","華宏"
"低軌衛星","2313","華通"
"低軌衛星","2314","台揚"
"低軌衛星","2367","燿華"
"低軌衛星","2383","台光電"
"低軌衛星","2419","仲琦"
"低軌衛星","2485","兆赫"
"低軌衛星","3062","建漢"
"低軌衛星","3138","耀登"
"低軌衛星","3491","昇達科"
"低軌衛星","6285","啟碁"
"汽車／電動車","1536","和大"
"汽車／電動車","2201","裕隆"
"汽車／電動車","2204","中華"
"汽車／電動車","2207","和泰車"
"汽車／電動車","2360","致茂"
"汽車／電動車","3665","貿聯-KY"
"汽車工業","1319","東陽"
"汽車工業","1338","廣華-KY"
"汽車工業","1339","昭輝"
"汽車工業","1512","瑞利"
"汽車工業","1521","大億"
"汽車工業","1522","堤維西"
"汽車工業","1524","耿鼎"
"汽車工業","1525","江申"
"汽車工業","1533","車王電"
"汽車工業","1536","和大"
"汽車工業","1563","巧新"
"汽車工業","1568","倉佑"
"汽車工業","1587","吉茂"
"汽車工業","2115","六暉-KY"
"汽車工業","2201","裕隆"
"汽車工業","2204","中華"
"汽車工業","2206","三陽工業"
"汽車工業","2207","和泰車"
"汽車工業","2227","裕日車"
"汽車工業","2228","劍麟"
"汽車工業","2231","為升"
"汽車工業","2233","宇隆"
"汽車工業","2236","百達-KY"
"汽車工業","2237","華德動能-創"
"汽車工業","2239","英利-KY"
"汽車工業","2241","艾姆勒"
"汽車工業","2243","宏旭-KY"
"汽車工業","2247","汎德永業"
"汽車工業","2248","華勝-KY"
"汽車工業","2250","IKKA-KY"
"汽車工業","2254","巨鎧精密-創"
"汽車工業","2258","鴻華先進-創"
"汽車工業","2497","怡利電"
"汽車工業","3346","麗清"
"汽車工業","3717","聯嘉投控"
"汽車工業","4551","智伸科"
"汽車工業","4557","永新-KY"
"汽車工業","4569","六方科-KY"
"汽車工業","4581","光隆精密-KY"
"汽車工業","6605","帝寶"
"汽車工業","6988","威力暘-創"
"汽車工業","7732","金興精密"
"汽車工業","7736","虎山"
"汽車工業","7821","神數"
"其他","1342","八貫"
"其他","1416","廣豐"
"其他","1435","中福"
"其他","1437","勤益控"
"其他","1443","立益物流"
"其他","1516","川飛"
"其他","1584","精剛"
"其他","2221","大甲"
"其他","2348","海悅"
"其他","2496","卓越"
"其他","2514","龍邦"
"其他","2614","東森"
"其他","2724","藝舍-KY"
"其他","2904","匯僑"
"其他","3040","遠見"
"其他","3284","太普高"
"其他","4154","樂威科-KY"
"其他","4430","耀億"
"其他","4529","淳紳"
"其他","4541","晟田"
"其他","4556","旭然"
"其他","5209","新鼎"
"其他","5276","達輝-KY"
"其他","5284","jpp-KY"
"其他","5314","世紀*"
"其他","5345","馥鴻"
"其他","5398","慕康生醫"
"其他","5450","南良"
"其他","5481","新華"
"其他","5530","龍巖"
"其他","5604","中連"
"其他","5871","中租-KY"
"其他","6179","亞通"
"其他","6184","大豐電"
"其他","6199","天品"
"其他","6464","台數科"
"其他","6504","南六"
"其他","6585","鼎基"
"其他","6592","和潤企業"
"其他","6625","必應"
"其他","6655","科定"
"其他","6721","信實"
"其他","6881","潤德"
"其他","6901","鑽石投資"
"其他","6904","伯鑫"
"其他","6914","阜爾運通"
"其他","6952","大武山"
"其他","6957","裕慶-KY"
"其他","6958","日盛台駿"
"其他","7777","能率亞洲"
"其他","7855","和運租車"
"其他","8033","雷虎"
"其他","8342","益張"
"其他","8354","冠好"
"其他","8401","白紗科"
"其他","8404","百和興業-KY"
"其他","8411","福貞-KY"
"其他","8421","旭源"
"其他","8426","紅木-KY"
"其他","8435","鉅邁"
"其他","8437","大地-KY"
"其他","8442","威宏-KY"
"其他","8444","綠河-KY"
"其他","8463","潤泰材"
"其他","8466","美吉吉-KY"
"其他","8481","政伸"
"其他","8488","吉源-KY"
"其他","8489","三貝德"
"其他","8905","裕國"
"其他","8906","花王"
"其他","8916","光隆"
"其他","8921","沈氏"
"其他","8929","富堡"
"其他","8935","邦泰"
"其他","8936","國統"
"其他","8937","合騏*"
"其他","8942","森鉅"
"其他","9103","美德醫療-DR"
"其他","9105","泰金寶-DR"
"其他","9110","越南控-DR"
"其他","9136","巨騰-DR"
"其他","9902","台火"
"其他","9905","大華"
"其他","9907","統一實"
"其他","9917","中保科"
"其他","9919","康那香"
"其他","9925","新保"
"其他","9927","泰銘"
"其他","9928","中視"
"其他","9929","秋雨"
"其他","9933","中鼎"
"其他","9938","百和"
"其他","9939","宏全"
"其他","9940","信義"
"其他","9941","裕融"
"其他","9942","茂順"
"其他","9944","新麗"
"其他","9945","潤泰新"
"其他電子","1785","光洋科"
"其他電子","2312","金寶"
"其他電子","2317","鴻海"
"其他電子","2354","鴻準"
"其他電子","2359","所羅門"
"其他電子","2360","致茂"
"其他電子","2373","震旦行"
"其他電子","2390","云辰"
"其他電子","2404","漢唐"
"其他電子","2423","固緯"
"其他電子","2433","互盛電"
"其他電子","2459","敦吉"
"其他電子","2461","光群雷"
"其他電子","2464","盟立"
"其他電子","2474","可成"
"其他電子","2477","美隆電"
"其他電子","2482","連宇"
"其他電子","2488","漢平"
"其他電子","3018","隆銘綠能"
"其他電子","3030","德律"
"其他電子","3043","科風"
"其他電子","3093","港建*"
"其他電子","3219","倚強科"
"其他電子","3285","微端"
"其他電子","3289","宜特"
"其他電子","3303","岱稜"
"其他電子","3305","昇貿"
"其他電子","3324","雙鴻"
"其他電子","3373","熱映"
"其他電子","3402","漢科"
"其他電子","3465","進泰電子"
"其他電子","3498","陽程"
"其他電子","3508","位速"
"其他電子","3518","柏騰"
"其他電子","3541","西柏"
"其他電子","3552","同致"
"其他電子","3580","友威科"
"其他電子","3587","閎康"
"其他電子","3617","碩天"
"其他電子","3628","盈正"
"其他電子","3663","鑫科"
"其他電子","3665","貿聯-KY"
"其他電子","4554","橙的"
"其他電子","4577","達航科技"
"其他電子","4585","達明"
"其他電子","4588","玖鼎電力"
"其他電子","4760","勤凱科技"
"其他電子","5225","東科-KY"
"其他電子","5452","佶優"
"其他電子","5489","彩富"
"其他電子","5493","三聯"
"其他電子","5536","聖暉*"
"其他電子","6139","亞翔"
"其他電子","6146","耕興"
"其他電子","6151","晉倫"
"其他電子","6192","巨路"
"其他電子","6196","帆宣"
"其他電子","6201","亞弘電"
"其他電子","6215","和椿"
"其他電子","6283","淳安"
"其他電子","6409","旭隼"
"其他電子","6438","迅得"
"其他電子","6512","啟發電"
"其他電子","6558","興能高"
"其他電子","6613","朋億*"
"其他電子","6654","天正國際"
"其他電子","6658","聯策"
"其他電子","6667","信紘科"
"其他電子","6691","洋基工程"
"其他電子","6698","旭暉應材"
"其他電子","6722","輝創"
"其他電子","6725","矽科宏晟"
"其他電子","6735","美達科技"
"其他電子","6739","竹陞科技"
"其他電子","6743","安普新"
"其他電子","6830","汎銓"
"其他電子","6840","東研信超"
"其他電子","6855","數泓科"
"其他電子","6877","鏵友益"
"其他電子","6903","巨漢"
"其他電子","6983","華洋精機"
"其他電子","7631","聚賢研發-創"
"其他電子","7703","銳澤"
"其他電子","7728","光焱科技"
"其他電子","7792","安葆"
"其他電子","8021","尖點"
"其他電子","8047","星雲"
"其他電子","8085","福華"
"其他電子","8092","建暐"
"其他電子","8183","精星"
"其他電子","8201","無敵"
"其他電子","8431","匯鑽科"
"其他電子","8455","大拓-KY"
"其他電子","8499","鼎炫-KY"
"居家生活","2062","橋椿"
"居家生活","2230","泰茂"
"居家生活","2916","滿心"
"居家生活","2924","宏太-KY"
"居家生活","2937","集雅社"
"居家生活","2941","米斯特"
"居家生活","2947","振宇五金"
"居家生活","2948","寶陞"
"居家生活","3067","全域"
"居家生活","3171","炎洲流通"
"居家生活","3557","嘉威"
"居家生活","4609","唐鋒"
"居家生活","4702","中美實"
"居家生活","5902","德記"
"居家生活","5903","全家"
"居家生活","5904","寶雅*"
"居家生活","6195","詩肯"
"居家生活","6616","特昇-KY"
"居家生活","6629","泰金-KY"
"居家生活","6671","三能-KY"
"居家生活","6728","上洋"
"居家生活","6754","匯僑設計"
"居家生活","6807","峰源-KY"
"居家生活","6968","萬達寵物"
"居家生活","7782","光速火箭"
"居家生活","7794","宏碁智新"
"居家生活","8066","來思達"
"居家生活","8433","弘帆"
"居家生活","8464","億豐"
"居家生活","8482","商億-KY"
"居家生活","8941","關中"
"居家生活","9911","櫻花"
"居家生活","9924","福興"
"居家生活","9934","成霖"
"居家生活","9935","慶豐富"
"油電燃氣業","2616","山隆"
"油電燃氣業","6505","台塑化"
"油電燃氣業","8908","欣雄"
"油電燃氣業","8917","欣泰"
"油電燃氣業","8926","台汽電"
"油電燃氣業","8927","北基"
"油電燃氣業","8931","大汽電"
"油電燃氣業","9908","大台北"
"油電燃氣業","9918","欣天然"
"油電燃氣業","9926","新海"
"油電燃氣業","9931","欣高"
"油電燃氣業","9937","全國"
"金融","2801","彰銀"
"金融","2812","台中銀"
"金融","2816","旺旺保"
"金融","2820","華票"
"金融","2832","台產"
"金融","2834","臺企銀"
"金融","2836","高雄銀"
"金融","2838","聯邦銀"
"金融","2845","遠東銀"
"金融","2849","安泰銀"
"金融","2850","新產"
"金融","2851","中再保"
"金融","2852","第一保"
"金融","2855","統一證"
"金融","2867","三商壽"
"金融","2880","華南金"
"金融","2881","富邦金"
"金融","2882","國泰金"
"金融","2883","凱基金"
"金融","2884","玉山金"
"金融","2885","元大金"
"金融","2886","兆豐金"
"金融","2887","台新新光金"
"金融","2889","國票金"
"金融","2890","永豐金"
"金融","2891","中信金"
"金融","2892","第一金"
"金融","2897","王道銀行"
"金融","5864","致和證"
"金融","5876","上海商銀"
"金融","5878","台名"
"金融","5880","合庫金"
"金融","6005","群益證"
"金融","6015","宏遠證"
"金融","6016","康和證"
"金融","6020","大展證"
"金融","6021","美好證"
"金融","6023","元大期貨"
"金融","6024","群益期"
"金融","6026","福邦證"
"金融","6028","公勝保經"
"金融保險業","2801","彰銀"
"金融保險業","2812","台中銀"
"金融保險業","2816","旺旺保"
"金融保險業","2820","華票"
"金融保險業","2832","台產"
"金融保險業","2834","臺企銀"
"金融保險業","2836","高雄銀"
"金融保險業","2838","聯邦銀"
"金融保險業","2845","遠東銀"
"金融保險業","2849","安泰銀"
"金融保險業","2850","新產"
"金融保險業","2851","中再保"
"金融保險業","2852","第一保"
"金融保險業","2855","統一證"
"金融保險業","2867","三商壽"
"金融保險業","2880","華南金"
"金融保險業","2881","富邦金"
"金融保險業","2882","國泰金"
"金融保險業","2883","凱基金"
"金融保險業","2884","玉山金"
"金融保險業","2885","元大金"
"金融保險業","2886","兆豐金"
"金融保險業","2887","台新新光金"
"金融保險業","2889","國票金"
"金融保險業","2890","永豐金"
"金融保險業","2891","中信金"
"金融保險業","2892","第一金"
"金融保險業","2897","王道銀行"
"金融保險業","5864","致和證"
"金融保險業","5876","上海商銀"
"金融保險業","5878","台名"
"金融保險業","5880","合庫金"
"金融保險業","6005","群益證"
"金融保險業","6015","宏遠證"
"金融保險業","6016","康和證"
"金融保險業","6020","大展證"
"金融保險業","6021","美好證"
"金融保險業","6023","元大期貨"
"金融保險業","6024","群益期"
"金融保險業","6026","福邦證"
"金融保險業","6028","公勝保經"
"保險","2881","富邦金"
"保險","2882","國泰金"
"封測","2449","京元電子"
"封測","3264","欣銓"
"封測","3711","日月光投控"
"封測","6239","力成"
"封測","6257","矽格"
"封測","8150","南茂"
"建材營造","1316","上曜"
"建材營造","1436","華友聯"
"建材營造","1438","三地開發"
"建材營造","1439","雋揚"
"建材營造","1442","名軒"
"建材營造","1453","大將"
"建材營造","1456","怡華"
"建材營造","1472","三洋實業"
"建材營造","1805","寶徠"
"建材營造","1808","潤隆"
"建材營造","2442","新美齊"
"建材營造","2501","國建"
"建材營造","2504","國產"
"建材營造","2505","國揚"
"建材營造","2506","太設"
"建材營造","2509","全坤建"
"建材營造","2511","太子"
"建材營造","2515","中工"
"建材營造","2516","新建"
"建材營造","2520","冠德"
"建材營造","2524","京城"
"建材營造","2527","宏璟"
"建材營造","2528","皇普"
"建材營造","2530","華建"
"建材營造","2534","宏盛"
"建材營造","2535","達欣工"
"建材營造","2536","宏普"
"建材營造","2537","聯上發"
"建材營造","2538","基泰"
"建材營造","2539","櫻花建"
"建材營造","2540","愛山林"
"建材營造","2542","興富發"
"建材營造","2543","皇昌"
"建材營造","2545","皇翔"
"建材營造","2546","根基"
"建材營造","2547","日勝生"
"建材營造","2548","華固"
"建材營造","2596","綠意"
"建材營造","2597","潤弘"
"建材營造","2718","全心投控"
"建材營造","2923","鼎固-KY"
"建材營造","3052","夆典"
"建材營造","3056","富華新"
"建材營造","3188","鑫龍騰"
"建材營造","3266","昇陽"
"建材營造","3313","斐成"
"建材營造","3489","森寶"
"建材營造","3512","皇龍"
"建材營造","3521","台鋼建設"
"建材營造","3703","欣陸"
"建材營造","4113","聯上"
"建材營造","4416","三圓"
"建材營造","4907","富宇"
"建材營造","5206","坤悅"
"建材營造","5213","亞昕"
"建材營造","5324","士開"
"建材營造","5455","昇益"
"建材營造","5508","永信建"
"建材營造","5511","德昌"
"建材營造","5512","力麒"
"建材營造","5514","三豐"
"建材營造","5515","建國"
"建材營造","5516","雙喜"
"建材營造","5519","隆大"
"建材營造","5520","力泰"
"建材營造","5521","工信"
"建材營造","5522","遠雄"
"建材營造","5523","豐謙"
"建材營造","5525","順天"
"建材營造","5529","鉅陞"
"建材營造","5531","鄉林"
"建材營造","5533","皇鼎"
"建材營造","5534","長虹"
"建材營造","5543","桓鼎-KY"
"建材營造","5546","永固-KY"
"建材營造","5547","久舜"
"建材營造","5548","安倉"
"建材營造","6171","大城地產"
"建材營造","6177","達麗"
"建材營造","6186","新潤"
"建材營造","6198","瑞築"
"建材營造","6212","理銘"
"建材營造","6219","富旺"
"建材營造","6264","富裔"
"建材營造","8080","泰霖"
"建材營造","8424","惠普"
"建材營造","9906","欣巴巴"
"建材營造","9946","三發地產"
"玻璃陶瓷","1802","台玻"
"玻璃陶瓷","1806","冠軍"
"玻璃陶瓷","1809","中釉"
"玻璃陶瓷","1810","和成"
"玻璃陶瓷","1817","凱撒衛"
"重電／電網","1503","士電"
"重電／電網","1513","中興電"
"重電／電網","1514","亞力"
"重電／電網","1519","華城"
"重電／電網","2371","大同"
"面板／顯示","2409","友達"
"面板／顯示","3481","群創"
"面板／顯示","6116","彩晶"
"面板／顯示","8069","元太"
"面板／顯示","8105","凌巨"
"面板驅動IC","3034","聯詠"
"食品工業","1201","味全"
"食品工業","1203","味王"
"食品工業","1210","大成"
"食品工業","1213","大飲"
"食品工業","1215","卜蜂"
"食品工業","1216","統一"
"食品工業","1217","愛之味"
"食品工業","1218","泰山"
"食品工業","1219","福壽"
"食品工業","1220","台榮"
"食品工業","1225","福懋油"
"食品工業","1227","佳格"
"食品工業","1229","聯華"
"食品工業","1231","聯華食"
"食品工業","1232","大統益"
"食品工業","1233","天仁"
"食品工業","1234","黑松"
"食品工業","1235","興泰"
"食品工業","1236","宏亞"
"食品工業","1256","鮮活果汁-KY"
"食品工業","1264","德麥"
"食品工業","1294","漢田生技"
"食品工業","1295","生合"
"食品工業","1702","南僑"
"食品工業","1737","臺鹽"
"食品工業","1780","立弘"
"食品工業","1796","金穎生技"
"食品工業","3054","立萬利"
"食品工業","4205","中華食"
"食品工業","4207","環泰"
"食品工業","6846","綠茵"
"食品工業","7743","金利食安"
"食品工業","7780","大研生醫*"
"食品工業","7791","皇家可口"
"紡織纖維","1402","遠東新"
"紡織纖維","1409","新纖"
"紡織纖維","1410","南染"
"紡織纖維","1413","宏洲"
"紡織纖維","1414","東和"
"紡織纖維","1417","嘉裕"
"紡織纖維","1418","東華"
"紡織纖維","1419","新紡"
"紡織纖維","1423","利華"
"紡織纖維","1434","福懋"
"紡織纖維","1440","南紡"
"紡織纖維","1441","大東"
"紡織纖維","1444","力麗"
"紡織纖維","1445","大宇"
"紡織纖維","1446","宏和"
"紡織纖維","1447","力鵬"
"紡織纖維","1449","佳和"
"紡織纖維","1451","年興"
"紡織纖維","1452","宏益"
"紡織纖維","1454","台富"
"紡織纖維","1455","集盛"
"紡織纖維","1457","宜進"
"紡織纖維","1459","聯發"
"紡織纖維","1460","宏遠"
"紡織纖維","1463","強盛新"
"紡織纖維","1464","得力"
"紡織纖維","1465","偉全"
"紡織纖維","1466","聚隆"
"紡織纖維","1467","南緯"
"紡織纖維","1468","昶和"
"紡織纖維","1470","大統新創"
"紡織纖維","1473","台南"
"紡織纖維","1474","弘裕"
"紡織纖維","1475","業旺"
"紡織纖維","1476","儒鴻"
"紡織纖維","1477","聚陽"
"紡織纖維","4401","東隆興"
"紡織纖維","4402","郡都開發"
"紡織纖維","4406","新昕纖"
"紡織纖維","4413","飛寶企業"
"紡織纖維","4414","如興"
"紡織纖維","4417","金洲"
"紡織纖維","4420","光明"
"紡織纖維","4426","利勤"
"紡織纖維","4432","銘旺實"
"紡織纖維","4433","興采"
"紡織纖維","4438","廣越"
"紡織纖維","4439","冠星-KY"
"紡織纖維","4440","宜新實業"
"紡織纖維","4441","振大環球"
"紡織纖維","4442","竣邦-KY"
"紡織纖維","6506","雙邦"
"航運","2208","台船"
"航運","2601","益航"
"航運","2603","長榮"
"航運","2605","新興"
"航運","2606","裕民"
"航運","2607","榮運"
"航運","2608","嘉里大榮"
"航運","2609","陽明"
"航運","2610","華航"
"航運","2611","志信"
"航運","2612","中航"
"航運","2613","中櫃"
"航運","2615","萬海"
"航運","2617","台航"
"航運","2618","長榮航"
"航運","2630","亞航"
"航運","2633","台灣高鐵"
"航運","2634","漢翔"
"航運","2636","台驊控股"
"航運","2637","慧洋-KY"
"航運","2641","正德"
"航運","2642","宅配通"
"航運","2643","捷迅"
"航運","2645","長榮航太"
"航運","2646","星宇航空"
"航運","5601","台聯櫃"
"航運","5603","陸海"
"航運","5607","遠雄港"
"航運","5608","四維航"
"航運","5609","中菲行"
"航運","6753","龍德造船"
"航運","6757","台灣虎航"
"航運","7716","昱臺國際"
"航運","8367","建新國際"
"記憶體","2337","旺宏"
"記憶體","2344","華邦電"
"記憶體","2408","南亞科"
"記憶體","3006","晶豪科"
"記憶體","3260","威剛"
"記憶體","4967","十銓"
"記憶體","5289","宜鼎"
"記憶體","5351","鈺創"
"記憶體","8112","至上"
"記憶體","8271","宇瞻"
"記憶體","8299","群聯"
"高速材料／CCL","2383","台光電"
"高速材料／CCL","6213","聯茂"
"高速材料／CCL","6274","台燿"
"國防／無人機","2634","漢翔"
"國防／無人機","2645","長榮航太"
"國防／無人機","5284","jpp-KY"
"國防／無人機","7402","邑錡"
"國防／無人機","8033","雷虎"
"被動元件通路","3028","增你強"
"被動元件通路","3090","日電貿"
"被動元件製造","2327","國巨*"
"被動元件製造","2375","凱美"
"被動元件製造","2472","立隆電"
"被動元件製造","2478","大毅"
"被動元件製造","2492","華新科"
"被動元件製造","3026","禾伸堂"
"被動元件製造","6173","信昌電"
"被動元件製造","6449","鈺邦"
"貨櫃航運","2603","長榮"
"貨櫃航運","2609","陽明"
"貨櫃航運","2615","萬海"
"通信網路業","2314","台揚"
"通信網路業","2321","東訊"
"通信網路業","2332","友訊"
"通信網路業","2345","智邦"
"通信網路業","2412","中華電"
"通信網路業","2419","仲琦"
"通信網路業","2424","隴華"
"通信網路業","2439","美律"
"通信網路業","2444","兆勁"
"通信網路業","2450","神腦"
"通信網路業","2455","全新"
"通信網路業","2485","兆赫"
"通信網路業","2498","宏達電"
"通信網路業","3025","星通"
"通信網路業","3027","盛達"
"通信網路業","3045","台灣大"
"通信網路業","3047","訊舟"
"通信網路業","3062","建漢"
"通信網路業","3081","聯亞"
"通信網路業","3095","及成"
"通信網路業","3138","耀登"
"通信網路業","3152","璟德"
"通信網路業","3163","波若威"
"通信網路業","3221","台嘉碩"
"通信網路業","3234","光環"
"通信網路業","3306","鼎天"
"通信網路業","3311","閎暉"
"通信網路業","3363","上詮"
"通信網路業","3380","明泰"
"通信網路業","3419","譁裕"
"通信網路業","3447","展達"
"通信網路業","3466","德晉"
"通信網路業","3491","昇達科"
"通信網路業","3499","環天科"
"通信網路業","3558","神準"
"通信網路業","3564","其陽"
"通信網路業","3596","智易"
"通信網路業","3632","研勤"
"通信網路業","3664","安瑞-KY"
"通信網路業","3669","圓展"
"通信網路業","3672","康聯訊"
"通信網路業","3684","榮昌"
"通信網路業","3694","海華"
"通信網路業","3704","合勤控"
"通信網路業","4903","聯光通"
"通信網路業","4904","遠傳"
"通信網路業","4906","正文"
"通信網路業","4908","前鼎"
"通信網路業","4909","新復興"
"通信網路業","4977","眾達-KY"
"通信網路業","4979","華星光"
"通信網路業","5353","台林"
"通信網路業","5388","中磊"
"通信網路業","6109","亞元"
"通信網路業","6136","富爾特"
"通信網路業","6142","友勁"
"通信網路業","6143","振曜"
"通信網路業","6152","百一"
"通信網路業","6170","統振"
"通信網路業","6190","萬泰科"
"通信網路業","6216","居易"
"通信網路業","6218","豪勉"
"通信網路業","6241","鑫永洋"
"通信網路業","6245","立端"
"通信網路業","6263","普萊德"
"通信網路業","6285","啟碁"
"通信網路業","6416","瑞祺電通"
"通信網路業","6417","韋僑"
"通信網路業","6426","統新"
"通信網路業","6442","光聖"
"通信網路業","6465","威潤"
"通信網路業","6470","宇智"
"通信網路業","6486","互動"
"通信網路業","6530","創威"
"通信網路業","6546","正基"
"通信網路業","6561","是方"
"通信網路業","6588","東典光電"
"通信網路業","6674","鋐寶科技"
"通信網路業","6792","詠業"
"通信網路業","6863","永道-KY"
"通信網路業","7689","大鵬科CLMX"
"通信網路業","7717","萊德光電-KY"
"通信網路業","8011","台通"
"通信網路業","8034","榮群"
"通信網路業","8045","達運光電"
"通信網路業","8048","德勝"
"通信網路業","8059","凱碩"
"通信網路業","8089","康全電訊"
"通信網路業","8097","常珵"
"通信網路業","8101","華冠"
"通信網路業","8176","智捷"
"造紙工業","1903","士紙"
"造紙工業","1904","正隆"
"造紙工業","1905","華紙"
"造紙工業","1906","寶隆"
"造紙工業","1907","永豐餘"
"造紙工業","1909","榮成"
"造紙工業","6790","永豐實"
"連接器／高速介面","3023","信邦"
"連接器／高速介面","3217","優群"
"連接器／高速介面","3533","嘉澤"
"連接器／高速介面","3605","宏致"
"連接器／高速介面","3689","湧德"
"散熱","3017","奇鋐"
"散熱","3324","雙鴻"
"晶圓代工","2303","聯電"
"晶圓代工","2330","台積電"
"晶圓代工","5347","世界"
"晶圓代工","6770","力積電"
"筆記型電腦／PC","2324","仁寶"
"筆記型電腦／PC","2353","宏碁"
"筆記型電腦／PC","2356","英業達"
"筆記型電腦／PC","2357","華碩"
"筆記型電腦／PC","2364","倫飛"
"筆記型電腦／PC","2382","廣達"
"筆記型電腦／PC","3005","神基"
"筆記型電腦／PC","3213","茂訊"
"筆記型電腦／PC","3231","緯創"
"貿易百貨","2901","欣欣"
"貿易百貨","2903","遠百"
"貿易百貨","2905","三商"
"貿易百貨","2906","高林"
"貿易百貨","2908","特力"
"貿易百貨","2910","統領"
"貿易百貨","2911","麗嬰房"
"貿易百貨","2912","統一超"
"貿易百貨","2913","農林"
"貿易百貨","2915","潤泰全"
"貿易百貨","2929","淘帝-KY"
"貿易百貨","2939","永邑-KY"
"貿易百貨","2945","三商家購"
"貿易百貨","4807","日成-KY"
"貿易百貨","5906","台南-KY"
"貿易百貨","5907","大洋-KY"
"貿易百貨","8429","金麗-KY"
"貿易百貨","8443","阿瘦"
"塑化","1301","台塑"
"塑化","1303","南亞"
"塑化","1326","台化"
"塑化","6505","台塑化"
"塑膠工業","1301","台塑"
"塑膠工業","1303","南亞"
"塑膠工業","1304","台聚"
"塑膠工業","1305","華夏"
"塑膠工業","1307","三芳"
"塑膠工業","1308","亞聚"
"塑膠工業","1309","台達化"
"塑膠工業","1310","台苯"
"塑膠工業","1312","國喬"
"塑膠工業","1313","聯成"
"塑膠工業","1314","中石化"
"塑膠工業","1315","達新"
"塑膠工業","1321","大洋"
"塑膠工業","1323","永裕"
"塑膠工業","1324","地球"
"塑膠工業","1325","恆大"
"塑膠工業","1326","台化"
"塑膠工業","1337","再生-KY"
"塑膠工業","1340","勝悅-KY"
"塑膠工業","1341","富林-KY"
"塑膠工業","4303","信立"
"塑膠工業","4304","勝昱"
"塑膠工業","4305","世坤"
"塑膠工業","4306","炎洲"
"塑膠工業","9950","萬國通"
"資安／雲端","2471","資通"
"資安／雲端","3029","零壹"
"資安／雲端","6214","精誠"
"資安／雲端","6689","伊雲谷"
"資安／雲端","6690","安碁資訊"
"資訊服務","2427","三商電"
"資訊服務","2453","凌群"
"資訊服務","2468","華經"
"資訊服務","2471","資通"
"資訊服務","2480","敦陽科"
"資訊服務","3029","零壹"
"資訊服務","3147","大綜"
"資訊服務","3158","嘉實"
"資訊服務","3570","大塚"
"資訊服務","4953","緯致"
"資訊服務","4994","傳奇"
"資訊服務","5201","凱衛"
"資訊服務","5202","力新"
"資訊服務","5203","訊連"
"資訊服務","5210","寶碩"
"資訊服務","5211","蒙恬"
"資訊服務","5212","凌網"
"資訊服務","5310","天剛"
"資訊服務","5403","中菲"
"資訊服務","5410","國眾"
"資訊服務","6112","邁達特"
"資訊服務","6123","上奇"
"資訊服務","6140","訊達電腦"
"資訊服務","6148","驊宏資"
"資訊服務","6163","華電網"
"資訊服務","6183","關貿"
"資訊服務","6214","精誠"
"資訊服務","6221","晉泰"
"資訊服務","6231","系微"
"資訊服務","6240","松崗"
"資訊服務","6516","勤崴國際"
"資訊服務","6590","普鴻"
"資訊服務","6593","台灣銘板"
"資訊服務","6697","東捷資訊"
"資訊服務","6751","智聯服務"
"資訊服務","6752","叡揚"
"資訊服務","6791","虎門科技"
"資訊服務","6874","倍力"
"資訊服務","6884","海柏特"
"資訊服務","7767","仁大資訊"
"資訊服務","7819","精誠金融"
"資訊服務","8099","大世科"
"資訊服務","8272","全景軟體"
"資訊服務","8284","三竹"
"資訊服務","8416","實威"
"載板","3037","欣興"
"載板","3189","景碩"
"載板","4958","臻鼎-KY"
"載板","8046","南電"
"農業科技業","1240","茂生農經"
"農業科技業","4171","瑞基"
"農業科技業","6508","惠光"
"農業科技業","6578","達邦蛋白"
"運動休閒","1432","大魯閣"
"運動休閒","1593","祺驊"
"運動休閒","1598","岱宇"
"運動休閒","1736","喬山"
"運動休閒","2762","世界健身-KY"
"運動休閒","4536","拓凱"
"運動休閒","5306","桂盟"
"運動休閒","5348","正能量智能"
"運動休閒","6670","復盛應用"
"運動休閒","6768","志強-KY"
"運動休閒","6804","明係"
"運動休閒","6890","來億-KY"
"運動休閒","6965","中傑-KY"
"運動休閒","7811","民盛"
"運動休閒","8462","柏文"
"運動休閒","8467","波力-KY"
"運動休閒","8478","東哥遊艇"
"運動休閒","8924","大田"
"運動休閒","8928","鉅明"
"運動休閒","8933","愛地雅"
"運動休閒","8938","明安"
"運動休閒","9802","鈺齊-KY"
"運動休閒","9904","寶成"
"運動休閒","9910","豐泰"
"運動休閒","9914","美利達"
"運動休閒","9921","巨大"
"運動休閒","9960","邁達康"
"電子通路","2347","聯強"
"電子通路","2414","精技"
"電子通路","2430","燦坤"
"電子通路","3010","華立"
"電子通路","3028","增你強"
"電子通路","3033","威健"
"電子通路","3036","文曄"
"電子通路","3048","益登"
"電子通路","3055","蔚華科"
"電子通路","3209","全科"
"電子通路","3224","三顧"
"電子通路","3232","昱捷"
"電子通路","3312","弘憶股"
"電子通路","3360","尚立"
"電子通路","3444","利機"
"電子通路","3528","安馳"
"電子通路","3702","大聯大"
"電子通路","5434","崇越"
"電子通路","6113","亞矽"
"電子通路","6118","建達"
"電子通路","6154","順發"
"電子通路","6189","豐藝"
"電子通路","6227","茂綸"
"電子通路","6265","方土昶"
"電子通路","6270","倍微"
"電子通路","6281","全國電"
"電子通路","6474","華豫寧"
"電子通路","6776","展碁國際"
"電子通路","6908","宏碁遊戲-創"
"電子通路","8032","光菱"
"電子通路","8067","志旭"
"電子通路","8068","全達"
"電子通路","8070","長華*"
"電子通路","8072","陞泰"
"電子通路","8084","巨虹"
"電子通路","8096","擎亞"
"電子通路","8112","至上"
"電子零組件","1336","台翰"
"電子零組件","1471","首利"
"電子零組件","1582","信錦"
"電子零組件","1815","富喬"
"電子零組件","2059","川湖"
"電子零組件","2308","台達電"
"電子零組件","2313","華通"
"電子零組件","2316","楠梓電"
"電子零組件","2317","鴻海"
"電子零組件","2327","國巨*"
"電子零組件","2328","廣宇"
"電子零組件","2355","敬鵬"
"電子零組件","2367","燿華"
"電子零組件","2368","金像電"
"電子零組件","2375","凱美"
"電子零組件","2383","台光電"
"電子零組件","2385","群光"
"電子零組件","2392","正崴"
"電子零組件","2402","毅嘉"
"電子零組件","2413","環科"
"電子零組件","2415","錩新"
"電子零組件","2420","新巨"
"電子零組件","2421","建準"
"電子零組件","2428","興勤"
"電子零組件","2431","聯昌"
"電子零組件","2440","太空梭"
"電子零組件","2457","飛宏"
"電子零組件","2460","建通"
"電子零組件","2462","良得電"
"電子零組件","2467","志聖"
"電子零組件","2472","立隆電"
"電子零組件","2476","鉅祥"
"電子零組件","2478","大毅"
"電子零組件","2483","百容"
"電子零組件","2484","希華"
"電子零組件","2492","華新科"
"電子零組件","2493","揚博"
"電子零組件","3003","健和興"
"電子零組件","3011","今皓"
"電子零組件","3015","全漢"
"電子零組件","3021","鴻名"
"電子零組件","3023","信邦"
"電子零組件","3026","禾伸堂"
"電子零組件","3032","偉訓"
"電子零組件","3037","欣興"
"電子零組件","3042","晶技"
"電子零組件","3044","健鼎"
"電子零組件","3058","立德"
"電子零組件","3078","僑威"
"電子零組件","3090","日電貿"
"電子零組件","3092","鴻碩"
"電子零組件","3114","好德"
"電子零組件","3115","富榮綱"
"電子零組件","3191","雲嘉南"
"電子零組件","3206","志豐"
"電子零組件","3207","耀勝"
"電子零組件","3217","優群"
"電子零組件","3229","晟鈦"
"電子零組件","3236","千如"
"電子零組件","3276","宇環"
"電子零組件","3288","點晶"
"電子零組件","3290","東浦"
"電子零組件","3294","英濟"
"電子零組件","3296","勝德"
"電子零組件","3308","聯德"
"電子零組件","3310","佳穎"
"電子零組件","3321","同泰"
"電子零組件","3322","建舜電"
"電子零組件","3332","幸康"
"電子零組件","3338","泰碩"
"電子零組件","3354","律勝"
"電子零組件","3357","臺慶科"
"電子零組件","3376","新日興"
"電子零組件","3388","崇越電"
"電子零組件","3390","旭軟"
"電子零組件","3432","台端"
"電子零組件","3484","崧騰"
"電子零組件","3485","敘豐"
"電子零組件","3492","長盛"
"電子零組件","3501","維熹"
"電子零組件","3511","矽瑪"
"電子零組件","3520","華盈"
"電子零組件","3526","凡甲"
"電子零組件","3533","嘉澤"
"電子零組件","3537","堡達"
"電子零組件","3548","兆利"
"電子零組件","3550","聯穎"
"電子零組件","3593","力銘"
"電子零組件","3597","映興"
"電子零組件","3605","宏致"
"電子零組件","3607","谷崧"
"電子零組件","3609","三一東林"
"電子零組件","3624","光頡"
"電子零組件","3631","晟楠"
"電子零組件","3645","達邁"
"電子零組件","3646","艾恩特"
"電子零組件","3653","健策"
"電子零組件","3679","新至陞"
"電子零組件","3689","湧德"
"電子零組件","3710","連展投控"
"電子零組件","3715","定穎投控"
"電子零組件","4542","科嶠"
"電子零組件","4545","銘鈺"
"電子零組件","4912","聯德控股-KY"
"電子零組件","4915","致伸"
"電子零組件","4927","泰鼎-KY"
"電子零組件","4939","亞電"
"電子零組件","4943","康控-KY"
"電子零組件","4958","臻鼎-KY"
"電子零組件","4974","亞泰"
"電子零組件","4989","榮科"
"電子零組件","4999","鑫禾"
"電子零組件","5227","立凱-KY"
"電子零組件","5228","鈺鎧"
"電子零組件","5291","邑昇"
"電子零組件","5309","系統電"
"電子零組件","5328","華容"
"電子零組件","5340","建榮"
"電子零組件","5355","佳總"
"電子零組件","5439","高技"
"電子零組件","5457","宣德"
"電子零組件","5460","同協"
"電子零組件","5464","霖宏"
"電子零組件","5469","瀚宇博"
"電子零組件","5475","德宏"
"電子零組件","5488","松普"
"電子零組件","5498","凱崴"
"電子零組件","6108","競國"
"電子零組件","6114","久威"
"電子零組件","6115","鎰勝"
"電子零組件","6124","業強"
"電子零組件","6126","信音"
"電子零組件","6127","九豪"
"電子零組件","6133","金橋"
"電子零組件","6134","萬旭"
"電子零組件","6141","柏承"
"電子零組件","6153","嘉聯益"
"電子零組件","6155","鈞寶"
"電子零組件","6156","松上"
"電子零組件","6158","禾昌"
"電子零組件","6173","信昌電"
"電子零組件","6174","安碁"
"電子零組件","6175","立敦"
"電子零組件","6185","幃翔"
"電子零組件","6191","精成科"
"電子零組件","6194","育富"
"電子零組件","6197","佳必琪"
"電子零組件","6203","海韻電"
"電子零組件","6204","艾華"
"電子零組件","6205","詮欣"
"電子零組件","6207","雷科"
"電子零組件","6210","慶生"
"電子零組件","6213","聯茂"
"電子零組件","6217","中探針"
"電子零組件","6220","岳豐"
"電子零組件","6224","聚鼎"
"電子零組件","6259","百徽"
"電子零組件","6266","泰詠"
"電子零組件","6269","台郡"
"電子零組件","6272","驊陞"
"電子零組件","6274","台燿"
"電子零組件","6275","元山"
"電子零組件","6279","胡連"
"電子零組件","6282","康舒"
"電子零組件","6284","佳邦"
"電子零組件","6290","良維"
"電子零組件","6292","迅德"
"電子零組件","6412","群電"
"電子零組件","6418","詠昇"
"電子零組件","6432","今展科"
"電子零組件","6449","鈺邦"
"電子零組件","6538","倉和"
"電子零組件","6584","南俊國際"
"電子零組件","6597","立誠"
"電子零組件","6642","富致"
"電子零組件","6664","群翊"
"電子零組件","6672","騰輝電子-KY"
"電子零組件","6715","嘉基"
"電子零組件","6727","亞泰金屬"
"電子零組件","6761","穩得"
"電子零組件","6781","AES-KY"
"電子零組件","6805","富世達"
"電子零組件","6821","聯寶"
"電子零組件","6834","天二科技"
"電子零組件","6835","圓裕"
"電子零組件","6862","三集瑞-KY"
"電子零組件","6913","鴻呈"
"電子零組件","6924","榮惠-KY創"
"電子零組件","6967","汎瑋材料"
"電子零組件","7744","崴寶"
"電子零組件","7788","松川精密"
"電子零組件","7795","長廣"
"電子零組件","8038","長園科"
"電子零組件","8039","台虹"
"電子零組件","8042","金山電"
"電子零組件","8043","蜜望實"
"電子零組件","8046","南電"
"電子零組件","8071","能率網通"
"電子零組件","8074","鉅橡"
"電子零組件","8093","保銳"
"電子零組件","8103","瀚荃"
"電子零組件","8109","博大"
"電子零組件","8121","越峰"
"電子零組件","8147","正淩"
"電子零組件","8155","博智"
"電子零組件","8182","加高"
"電子零組件","8213","志超"
"電子零組件","8249","菱光"
"電子零組件","8289","泰藝"
"電子零組件","8291","尚茂"
"電子零組件","8358","金居"
"電信","2412","中華電"
"電動車","2308","台達電"
"電動車","2317","鴻海"
"電源","2308","台達電"
"電腦及週邊","1569","濱川"
"電腦及週邊","2301","光寶科"
"電腦及週邊","2305","全友"
"電腦及週邊","2324","仁寶"
"電腦及週邊","2331","精英"
"電腦及週邊","2352","佳世達"
"電腦及週邊","2353","宏碁"
"電腦及週邊","2356","英業達"
"電腦及週邊","2357","華碩"
"電腦及週邊","2362","藍天"
"電腦及週邊","2364","倫飛"
"電腦及週邊","2365","昆盈"
"電腦及週邊","2376","技嘉"
"電腦及週邊","2377","微星"
"電腦及週邊","2380","虹光"
"電腦及週邊","2382","廣達"
"電腦及週邊","2387","精元"
"電腦及週邊","2395","研華"
"電腦及週邊","2397","友通"
"電腦及週邊","2399","映泰"
"電腦及週邊","2405","輔信"
"電腦及週邊","2417","圓剛"
"電腦及週邊","2425","承啟"
"電腦及週邊","2432","倚天酷碁-創"
"電腦及週邊","2465","麗臺"
"電腦及週邊","2495","普安"
"電腦及週邊","3002","歐格"
"電腦及週邊","3005","神基"
"電腦及週邊","3013","晟銘電"
"電腦及週邊","3017","奇鋐"
"電腦及週邊","3022","威強電"
"電腦及週邊","3046","建碁"
"電腦及週邊","3057","喬鼎"
"電腦及週邊","3060","銘異"
"電腦及週邊","3071","協禧"
"電腦及週邊","3088","艾訊"
"電腦及週邊","3211","順達"
"電腦及週邊","3213","茂訊"
"電腦及週邊","3231","緯創"
"電腦及週邊","3272","東碩"
"電腦及週邊","3287","廣寰科"
"電腦及週邊","3323","加百裕"
"電腦及週邊","3325","旭品"
"電腦及週邊","3349","寶德"
"電腦及週邊","3416","融程電"
"電腦及週邊","3479","安勤"
"電腦及週邊","3483","力致"
"電腦及週邊","3494","誠研"
"電腦及週邊","3515","華擎"
"電腦及週邊","3540","曜越"
"電腦及週邊","3577","泓格"
"電腦及週邊","3594","磐儀"
"電腦及週邊","3611","鼎翰"
"電腦及週邊","3625","西勝"
"電腦及週邊","3652","精聯"
"電腦及週邊","3693","營邦"
"電腦及週邊","3701","大眾控"
"電腦及週邊","3706","神達"
"電腦及週邊","3709","鑫聯大投控"
"電腦及週邊","3712","永崴投控"
"電腦及週邊","4916","事欣科"
"電腦及週邊","4931","新盛力"
"電腦及週邊","4938","和碩"
"電腦及週邊","5215","科嘉-KY"
"電腦及週邊","5223","安力-KY"
"電腦及週邊","5258","虹堡"
"電腦及週邊","5289","宜鼎"
"電腦及週邊","5356","協益"
"電腦及週邊","5386","青雲"
"電腦及週邊","5426","振發"
"電腦及週邊","5438","東友"
"電腦及週邊","5465","富驊"
"電腦及週邊","5474","聰泰"
"電腦及週邊","5490","同亨"
"電腦及週邊","6117","迎廣"
"電腦及週邊","6121","新普"
"電腦及週邊","6128","上福"
"電腦及週邊","6150","撼訊"
"電腦及週邊","6160","欣技"
"電腦及週邊","6161","捷波"
"電腦及週邊","6166","凌華"
"電腦及週邊","6188","廣明"
"電腦及週邊","6206","飛捷"
"電腦及週邊","6228","全譜"
"電腦及週邊","6230","尼得科超眾"
"電腦及週邊","6235","華孚"
"電腦及週邊","6276","安鈦克"
"電腦及週邊","6277","宏正"
"電腦及週邊","6414","樺漢"
"電腦及週邊","6441","廣錠"
"電腦及週邊","6570","維田"
"電腦及週邊","6577","勁豐"
"電腦及週邊","6579","研揚"
"電腦及週邊","6591","動力-KY"
"電腦及週邊","6669","緯穎"
"電腦及週邊","6680","鑫創電子"
"電腦及週邊","6831","邁科"
"電腦及週邊","6922","宸曜"
"電腦及週邊","6928","攸泰科技"
"電腦及週邊","6933","AMAX-KY"
"電腦及週邊","7711","永擎"
"電腦及週邊","8050","廣積"
"電腦及週邊","8076","伍豐"
"電腦及週邊","8114","振樺電"
"電腦及週邊","8163","達方"
"電腦及週邊","8210","勤誠"
"電腦及週邊","8234","新漢"
"電腦及週邊","8410","森田"
"電腦及週邊","9912","偉聯"
"電器電纜","1603","華電"
"電器電纜","1604","聲寶"
"電器電纜","1605","華新"
"電器電纜","1608","華榮"
"電器電纜","1609","大亞"
"電器電纜","1611","中電"
"電器電纜","1612","宏泰"
"電器電纜","1614","三洋電"
"電器電纜","1615","大山"
"電器電纜","1616","億泰"
"電器電纜","1617","榮星"
"電器電纜","1618","合機"
"電器電纜","1623","大東電"
"電器電纜","1626","艾美特-KY"
"電器電纜","2061","風青"
"電器電纜","4930","燦星網"
"電器電纜","5283","禾聯碩"
"電機機械","1503","士電"
"電機機械","1504","東元"
"電機機械","1506","正道"
"電機機械","1513","中興電"
"電機機械","1514","亞力"
"電機機械","1515","力山"
"電機機械","1517","利奇"
"電機機械","1519","華城"
"電機機械","1526","日馳"
"電機機械","1527","鑽全"
"電機機械","1528","恩德"
"電機機械","1529","樂事綠能"
"電機機械","1530","亞崴"
"電機機械","1531","高林股"
"電機機械","1532","勤美"
"電機機械","1535","中宇"
"電機機械","1537","廣隆"
"電機機械","1538","正峰"
"電機機械","1539","巨庭"
"電機機械","1540","喬福"
"電機機械","1541","錩泰"
"電機機械","1558","伸興"
"電機機械","1560","中砂"
"電機機械","1570","力肯"
"電機機械","1580","新麥"
"電機機械","1583","程泰"
"電機機械","1586","和勤"
"電機機械","1589","永冠-KY"
"電機機械","1590","亞德客-KY"
"電機機械","1591","駿吉-KY"
"電機機械","1597","直得"
"電機機械","1599","宏佳騰"
"電機機械","2049","上銀"
"電機機械","2066","世德"
"電機機械","2067","嘉鋼"
"電機機械","2070","精湛"
"電機機械","2235","謚源"
"電機機械","2371","大同"
"電機機械","3162","精確"
"電機機械","3167","大量"
"電機機械","3226","龍鋒"
"電機機械","3379","彬台"
"電機機械","3685","元創精密"
"電機機械","4502","健信"
"電機機械","4503","金雨"
"電機機械","4506","崇友"
"電機機械","4510","高鋒"
"電機機械","4513","福裕"
"電機機械","4523","永彰"
"電機機械","4526","東台"
"電機機械","4527","方方土霖"
"電機機械","4528","江興鍛"
"電機機械","4532","瑞智"
"電機機械","4533","協易機"
"電機機械","4534","慶騰"
"電機機械","4535","至興"
"電機機械","4538","大詠城"
"電機機械","4540","全球傳動"
"電機機械","4543","萬在"
"電機機械","4549","桓達"
"電機機械","4550","長佳"
"電機機械","4552","力達-KY"
"電機機械","4555","氣立"
"電機機械","4558","寶緯"
"電機機械","4560","強信-KY"
"電機機械","4561","健椿"
"電機機械","4562","穎漢"
"電機機械","4563","百德"
"電機機械","4564","元翎"
"電機機械","4566","時碩工業"
"電機機械","4568","科際精密"
"電機機械","4571","鈞興-KY"
"電機機械","4572","駐龍"
"電機機械","4576","大銀微系統"
"電機機械","4580","捷流閥業"
"電機機械","4583","台灣精銳"
"電機機械","4584","君帆"
"電機機械","4590","富田-創"
"電機機械","5288","豐祥-KY"
"電機機械","5381","光譜"
"電機機械","6122","擎邦"
"電機機械","6125","廣運"
"電機機械","6425","易發"
"電機機械","6603","富強鑫"
"電機機械","6606","建德工業"
"電機機械","6609","瀧澤科"
"電機機械","6843","進典"
"電機機械","6982","大井泵浦"
"電機機械","7642","昶瑞機電"
"電機機械","7709","榮田"
"電機機械","7718","友鋮"
"電機機械","7750","新代"
"電機機械","8027","鈦昇"
"電機機械","8083","瑞穎"
"電機機械","8107","大億金茂"
"電機機械","8222","寶一"
"電機機械","8255","朋程"
"電機機械","8374","羅昇"
"電機機械","8996","高力"
"電機機械","9951","皇田"
"綠能","2072","世紀風電"
"綠能","3073","天方能源"
"綠能","3551","世禾"
"綠能","3708","上緯投控"
"綠能","3713","新晶投控"
"綠能","4582","聚恆-創"
"綠能","4924","欣厚-KY"
"綠能","5205","中茂"
"綠能","5292","華懋"
"綠能","5432","新門"
"綠能","6581","鋼聯"
"綠能","6624","萬年清"
"綠能","6641","基士德-KY"
"綠能","6692","進能服"
"綠能","6771","平和環保-創"
"綠能","6803","崑鼎"
"綠能","6869","雲豹能源"
"綠能","6873","泓德能源"
"綠能","6887","寶綠特-KY"
"綠能","6894","衛司特"
"綠能","6923","中台"
"綠能","6944","兆聯實業"
"綠能","6947","台鎔科技"
"綠能","6951","青新-創"
"綠能","6969","成信實業*-創"
"綠能","6971","惠民實業"
"綠能","6994","富威電力"
"綠能","7610","聯友金屬-創"
"綠能","7715","裕山"
"綠能","7740","熙特爾-創"
"綠能","7786","東方風能"
"綠能","7818","溢泰實業"
"綠能","7820","立盈"
"綠能","7842","天能綠電"
"綠能","8087","麗升能源"
"綠能","8171","天宇"
"綠能","8341","日友"
"綠能","8390","金益鼎"
"綠能","8422","可寧衛*"
"綠能","8423","保綠-KY"
"綠能","8438","昶昕"
"綠能","8440","綠電"
"綠能","8473","山林水"
"綠能","8476","台境*"
"綠能","9930","中聯資源"
"綠能","9955","佳龍"
"綠能／儲能","2308","台達電"
"綠能／儲能","3708","上緯投控"
"綠能／儲能","6869","雲豹能源"
"綠能／儲能","8926","台汽電"
"綠能／儲能","9958","世紀鋼"
"綠能環保","2072","世紀風電"
"綠能環保","3073","天方能源"
"綠能環保","3551","世禾"
"綠能環保","3708","上緯投控"
"綠能環保","3713","新晶投控"
"綠能環保","4582","聚恆-創"
"綠能環保","4924","欣厚-KY"
"綠能環保","5205","中茂"
"綠能環保","5292","華懋"
"綠能環保","5432","新門"
"綠能環保","6581","鋼聯"
"綠能環保","6624","萬年清"
"綠能環保","6641","基士德-KY"
"綠能環保","6692","進能服"
"綠能環保","6771","平和環保-創"
"綠能環保","6803","崑鼎"
"綠能環保","6869","雲豹能源"
"綠能環保","6873","泓德能源"
"綠能環保","6887","寶綠特-KY"
"綠能環保","6894","衛司特"
"綠能環保","6923","中台"
"綠能環保","6944","兆聯實業"
"綠能環保","6947","台鎔科技"
"綠能環保","6951","青新-創"
"綠能環保","6969","成信實業*-創"
"綠能環保","6971","惠民實業"
"綠能環保","6994","富威電力"
"綠能環保","7610","聯友金屬-創"
"綠能環保","7715","裕山"
"綠能環保","7740","熙特爾-創"
"綠能環保","7786","東方風能"
"綠能環保","7818","溢泰實業"
"綠能環保","7820","立盈"
"綠能環保","7842","天能綠電"
"綠能環保","8087","麗升能源"
"綠能環保","8171","天宇"
"綠能環保","8341","日友"
"綠能環保","8390","金益鼎"
"綠能環保","8422","可寧衛*"
"綠能環保","8423","保綠-KY"
"綠能環保","8438","昶昕"
"綠能環保","8440","綠電"
"綠能環保","8473","山林水"
"綠能環保","8476","台境*"
"綠能環保","9930","中聯資源"
"綠能環保","9955","佳龍"
"網通","2314","台揚"
"網通","2321","東訊"
"網通","2332","友訊"
"網通","2345","智邦"
"網通","2379","瑞昱"
"網通","2412","中華電"
"網通","2419","仲琦"
"網通","2424","隴華"
"網通","2439","美律"
"網通","2444","兆勁"
"網通","2450","神腦"
"網通","2455","全新"
"網通","2485","兆赫"
"網通","2498","宏達電"
"網通","3025","星通"
"網通","3027","盛達"
"網通","3045","台灣大"
"網通","3047","訊舟"
"網通","3062","建漢"
"網通","3081","聯亞"
"網通","3095","及成"
"網通","3138","耀登"
"網通","3152","璟德"
"網通","3163","波若威"
"網通","3221","台嘉碩"
"網通","3234","光環"
"網通","3306","鼎天"
"網通","3311","閎暉"
"網通","3363","上詮"
"網通","3380","明泰"
"網通","3419","譁裕"
"網通","3447","展達"
"網通","3466","德晉"
"網通","3491","昇達科"
"網通","3499","環天科"
"網通","3558","神準"
"網通","3564","其陽"
"網通","3596","智易"
"網通","3632","研勤"
"網通","3664","安瑞-KY"
"網通","3669","圓展"
"網通","3672","康聯訊"
"網通","3684","榮昌"
"網通","3694","海華"
"網通","3704","合勤控"
"網通","4903","聯光通"
"網通","4904","遠傳"
"網通","4906","正文"
"網通","4908","前鼎"
"網通","4909","新復興"
"網通","4977","眾達-KY"
"網通","4979","華星光"
"網通","5353","台林"
"網通","5388","中磊"
"網通","6109","亞元"
"網通","6136","富爾特"
"網通","6142","友勁"
"網通","6143","振曜"
"網通","6152","百一"
"網通","6170","統振"
"網通","6190","萬泰科"
"網通","6216","居易"
"網通","6218","豪勉"
"網通","6241","鑫永洋"
"網通","6245","立端"
"網通","6263","普萊德"
"網通","6285","啟碁"
"網通","6416","瑞祺電通"
"網通","6417","韋僑"
"網通","6426","統新"
"網通","6442","光聖"
"網通","6465","威潤"
"網通","6470","宇智"
"網通","6486","互動"
"網通","6530","創威"
"網通","6546","正基"
"網通","6561","是方"
"網通","6588","東典光電"
"網通","6674","鋐寶科技"
"網通","6792","詠業"
"網通","6863","永道-KY"
"網通","7689","大鵬科CLMX"
"網通","7717","萊德光電-KY"
"網通","8011","台通"
"網通","8034","榮群"
"網通","8045","達運光電"
"網通","8048","德勝"
"網通","8059","凱碩"
"網通","8089","康全電訊"
"網通","8097","常珵"
"網通","8101","華冠"
"網通","8176","智捷"
"網通設備","2332","友訊"
"網通設備","2345","智邦"
"網通設備","2419","仲琦"
"網通設備","3062","建漢"
"網通設備","3704","合勤控"
"網通設備","5388","中磊"
"網通設備","6285","啟碁"
"銀行","2886","兆豐金"
"銀行","2891","中信金"
"數位雲端","2640","大車隊"
"數位雲端","2949","欣新網"
"數位雲端","3085","新零售"
"數位雲端","3130","一零四"
"數位雲端","3687","歐買尬"
"數位雲端","5278","尚凡*"
"數位雲端","5287","數字"
"數位雲端","5321","美而快"
"數位雲端","6165","浪凡"
"數位雲端","6236","中湛"
"數位雲端","6614","資拓宏宇"
"數位雲端","6689","伊雲谷"
"數位雲端","6690","安碁資訊"
"數位雲端","6741","91APP*-KY"
"數位雲端","6763","綠界科技*"
"數位雲端","6811","宏碁資訊"
"數位雲端","6865","偉康科技"
"數位雲端","6870","騰雲"
"數位雲端","6902","GOGOLOOK"
"數位雲端","6906","現觀科"
"數位雲端","6910","德鴻"
"數位雲端","6925","意藍"
"數位雲端","6997","博弘"
"數位雲端","7547","碩網"
"數位雲端","7714","創泓科技"
"數位雲端","7721","微程式"
"數位雲端","7722","LINEPAY"
"數位雲端","7738","東聯互動"
"數位雲端","7747","昕奇雲端"
"數位雲端","7765","中華資安"
"數位雲端","7805","威聯通"
"數位雲端","7823","奧義賽博-KY創"
"數位雲端","7835","永悅健康-創"
"數位雲端","7839","達人網"
"數位雲端","8044","網家"
"數位雲端","8454","富邦媒"
"數位雲端","8472","納維康"
"數位雲端","8477","創業家"
"數位雲端","8487","愛爾達-創"
"數位雲端","8932","智通*"
"機器人／自動化","1597","直得"
"機器人／自動化","2049","上銀"
"機器人／自動化","2308","台達電"
"機器人／自動化","2395","研華"
"機器人／自動化","4540","全球傳動"
"橡膠工業","2101","南港"
"橡膠工業","2102","泰豐"
"橡膠工業","2103","台橡"
"橡膠工業","2104","國際中橡"
"橡膠工業","2105","正新"
"橡膠工業","2106","建大"
"橡膠工業","2107","厚生"
"橡膠工業","2108","南帝"
"橡膠工業","2109","華豐"
"橡膠工業","2114","鑫永銓"
"橡膠工業","6582","申豐"
"鋼鐵","2002","中鋼"
"鋼鐵","2006","東和鋼鐵"
"鋼鐵","2014","中鴻"
"鋼鐵","2027","大成鋼"
"鋼鐵","2030","彰源"
"鋼鐵工業","2002","中鋼"
"鋼鐵工業","2006","東和鋼鐵"
"鋼鐵工業","2007","燁興"
"鋼鐵工業","2008","高興昌"
"鋼鐵工業","2009","第一銅"
"鋼鐵工業","2010","春源"
"鋼鐵工業","2012","春雨"
"鋼鐵工業","2013","中鋼構"
"鋼鐵工業","2014","中鴻"
"鋼鐵工業","2015","豐興"
"鋼鐵工業","2017","官田鋼"
"鋼鐵工業","2020","美亞"
"鋼鐵工業","2022","聚亨"
"鋼鐵工業","2023","燁輝"
"鋼鐵工業","2024","志聯"
"鋼鐵工業","2025","千興"
"鋼鐵工業","2027","大成鋼"
"鋼鐵工業","2028","威致"
"鋼鐵工業","2029","盛餘"
"鋼鐵工業","2030","彰源"
"鋼鐵工業","2031","新光鋼"
"鋼鐵工業","2032","新鋼"
"鋼鐵工業","2033","佳大"
"鋼鐵工業","2034","允強"
"鋼鐵工業","2035","唐榮公司"
"鋼鐵工業","2038","海光"
"鋼鐵工業","2063","世鎧精密"
"鋼鐵工業","2064","晉椿"
"鋼鐵工業","2065","世豐"
"鋼鐵工業","2069","運錩"
"鋼鐵工業","2073","雄順"
"鋼鐵工業","2211","長榮鋼"
"鋼鐵工業","3004","豐達科"
"鋼鐵工業","4950","金耘國際"
"鋼鐵工業","5007","三星"
"鋼鐵工業","5009","榮剛"
"鋼鐵工業","5011","久陽"
"鋼鐵工業","5013","強新"
"鋼鐵工業","5014","建錩"
"鋼鐵工業","5015","華祺"
"鋼鐵工業","5016","松和"
"鋼鐵工業","5538","東明-KY"
"鋼鐵工業","6248","沛波"
"鋼鐵工業","8349","恒耀國際"
"鋼鐵工業","8415","大國鋼"
"鋼鐵工業","8930","青鋼"
"鋼鐵工業","9958","世紀鋼"
"鋼鐵工業","9962","有益"
"儲能","2308","台達電"
"營建／資產","2501","國建"
"營建／資產","2542","興富發"
"營建／資產","2545","皇翔"
"營建／資產","2548","華固"
"營建／資產","5534","長虹"
"觀光餐旅","1259","安心"
"觀光餐旅","1268","漢來美食"
"觀光餐旅","2701","萬企"
"觀光餐旅","2702","華園"
"觀光餐旅","2704","國賓"
"觀光餐旅","2705","六福"
"觀光餐旅","2706","第一店"
"觀光餐旅","2707","晶華"
"觀光餐旅","2712","遠雄來"
"觀光餐旅","2719","燦星旅"
"觀光餐旅","2722","夏都"
"觀光餐旅","2723","美食-KY"
"觀光餐旅","2726","雅茗-KY"
"觀光餐旅","2727","王品"
"觀光餐旅","2729","瓦城"
"觀光餐旅","2731","雄獅"
"觀光餐旅","2732","六角"
"觀光餐旅","2734","易飛網"
"觀光餐旅","2736","富野"
"觀光餐旅","2739","寒舍"
"觀光餐旅","2740","華軒"
"觀光餐旅","2743","山富"
"觀光餐旅","2745","五福"
"觀光餐旅","2748","雲品"
"觀光餐旅","2751","王座"
"觀光餐旅","2752","豆府"
"觀光餐旅","2753","八方雲集"
"觀光餐旅","2754","亞洲藏壽司"
"觀光餐旅","2755","揚秦"
"觀光餐旅","2756","聯發國際"
"觀光餐旅","3252","海灣"
"觀光餐旅","3522","御嵿"
"觀光餐旅","4419","皇家美食"
"觀光餐旅","4530","天意能創"
"觀光餐旅","4804","大略-KY"
"觀光餐旅","5301","寶得利"
"觀光餐旅","5364","力麗店"
"觀光餐旅","5701","劍湖山"
"觀光餐旅","5703","亞都麗緻"
"觀光餐旅","5704","老爺知"
"觀光餐旅","5706","鳳凰"
"觀光餐旅","5905","南仁湖"
"觀光餐旅","6961","旅天下"
"觀光餐旅","7705","三商餐飲"
"觀光餐旅","7708","全家餐飲"
"觀光餐旅","7723","築間"
"觀光餐旅","7757","金色三麥"
"觀光餐旅","7760","享溫馨"
"觀光餐旅","8077","洛碁"
"觀光餐旅","8940","新天地"
"觀光餐旅","9943","好樂迪"
"AI","2330","台積電"
"AI","2454","聯發科"
"AI PC","2357","華碩"
"AI伺服器","2308","台達電"
"AI伺服器","2317","鴻海"
"AI伺服器","2324","仁寶"
"AI伺服器","2368","金像電"
"AI伺服器","2382","廣達"
"AI伺服器","3017","奇鋐"
"AI伺服器","3037","欣興"
"AI伺服器","3231","緯創"
"AI伺服器","3324","雙鴻"
"AI伺服器","6669","緯穎"
"AI伺服器／整機","2317","鴻海"
"AI伺服器／整機","2324","仁寶"
"AI伺服器／整機","2356","英業達"
"AI伺服器／整機","2382","廣達"
"AI伺服器／整機","3231","緯創"
"AI伺服器／整機","3706","神達"
"AI伺服器／整機","4938","和碩"
"AI伺服器／整機","6669","緯穎"
"AI散熱","2421","建準"
"AI散熱","3017","奇鋐"
"AI散熱","3324","雙鴻"
"AI散熱","3653","健策"
"AI電源／機櫃","2301","光寶科"
"AI電源／機櫃","2308","台達電"
"AI電源／機櫃","6121","新普"
"AI電源／機櫃","6282","康舒"
"ETF","0050","元大台灣50"
"IC設計","2379","瑞昱"
"IC設計","2454","聯發科"
"IC設計","3034","聯詠"
"IC設計","3035","智原"
"IC設計","3443","創意"
"IC設計","3661","世芯-KY"
"PCB","1303","南亞"
"PCB","1717","長興"
"PCB","1802","台玻"
"PCB","1815","富喬"
"PCB","2313","華通"
"PCB","2355","敬鵬"
"PCB","2368","金像電"
"PCB","2383","台光電"
"PCB","2402","毅嘉"
"PCB","2467","志聖"
"PCB","3037","欣興"
"PCB","3044","健鼎"
"PCB","3167","大量"
"PCB","3563","牧德"
"PCB","3645","達邁"
"PCB","4958","臻鼎-KY"
"PCB","4989","榮科"
"PCB","5340","建榮"
"PCB","5469","瀚宇博"
"PCB","5498","凱崴"
"PCB","6153","嘉聯益"
"PCB","6191","精成科"
"PCB","6213","聯茂"
"PCB","6269","台郡"
"PCB","6274","台燿"
"PCB","6438","迅得"
"PCB","6672","騰輝電子-KY"
"PCB","8021","尖點"
"PCB","8358","金居"
"PCB上游－化學材料／薄膜","1717","長興"
"PCB上游－化學材料／薄膜","3645","達邁"
"PCB上游－玻纖布","1802","台玻"
"PCB上游－玻纖布","1815","富喬"
"PCB上游－玻纖布","5340","建榮"
"PCB上游－銅箔","1303","南亞"
"PCB上游－銅箔","4989","榮科"
"PCB上游－銅箔","8358","金居"
"PCB中游－銅箔基板（CCL）","2383","台光電"
"PCB中游－銅箔基板（CCL）","6213","聯茂"
"PCB中游－銅箔基板（CCL）","6274","台燿"
"PCB中游－銅箔基板（CCL）","6672","騰輝電子-KY"
"PCB設備自動化－機械／AOI","2467","志聖"
"PCB設備自動化－機械／AOI","3167","大量"
"PCB設備自動化－機械／AOI","3563","牧德"
"PCB設備自動化－機械／AOI","6438","迅得"
"PCB設備耗材－鑽孔／工具","5498","凱崴"
"PCB設備耗材－鑽孔／工具","8021","尖點"
"PCB製造－軟板（FPC）","2402","毅嘉"
"PCB製造－軟板（FPC）","6153","嘉聯益"
"PCB製造－軟板（FPC）","6269","台郡"
"PCB製造－硬板／多層板／HDI","2313","華通"
"PCB製造－硬板／多層板／HDI","2355","敬鵬"
"PCB製造－硬板／多層板／HDI","2368","金像電"
"PCB製造－硬板／多層板／HDI","3044","健鼎"
"PCB製造－硬板／多層板／HDI","4958","臻鼎-KY"
"PCB製造－硬板／多層板／HDI","5469","瀚宇博"
"PCB製造－硬板／多層板／HDI","6191","精成科"
